sample_num,plot,site,block,trt,month,seas,date,wet_wght_soil,per_dry,dry_wgt_soil,CO2_Mvol,Ambient_t1_avg,tempC,mol_CO2,mol_amb_CO2,Head_mol_CO2_t2,Head_mol_CO2_t1,Head_g_C_t2,Head_g_C_t1,Change_ug_C,Resp_ugC_gsoil_day,
1,J1A,J,J1,REM,2,SP,5-Feb-18,34.6,0.91,31.486,9.63E-03,0.002455333,23,3.97E-07,1.01097E-07,3.73E-05,9.50316E-06,4.47E-04,0.000114038,333.23,5.291673561,
2,J1B,J,J1,EXC,2,SP,5-Feb-18,27.5,0.84,23.1,1.36E-02,0.002455333,23,5.60E-07,1.01097E-07,5.26E-05,9.50316E-06,6.32E-04,0.000114038,517.61,11.20376294,
3,J1C,J,J1,FIX,2,SP,5-Feb-18,28.2,0.89,25.098,1.37E-02,0.002455333,23,5.64E-07,1.01097E-07,5.30E-05,9.50316E-06,6.36E-04,0.000114038,522.26,10.40438175,
4,J1D,J,J1,CON,2,SP,5-Feb-18,27,0.87,23.49,1.95E-02,0.002455333,23,8.03E-07,1.01097E-07,7.55E-05,9.50316E-06,9.06E-04,0.000114038,791.64,16.85055863,
5,J1E,J,J1,NOF,2,SP,5-Feb-18,26.7,0.85,22.695,4.17E-03,0.002455333,23,1.72E-07,1.01097E-07,1.61E-05,9.50316E-06,1.94E-04,0.000114038,79.64,1.75452001,
6,J2A,J,J2,HAL,2,SP,5-Feb-18,27.4,0.9,24.66,1.54E-02,0.002455333,23,6.34E-07,1.01097E-07,5.96E-05,9.50316E-06,7.15E-04,0.000114038,601.21,12.19008143,
7,J2B,J,J2,NOF,2,SP,5-Feb-18,30.1,0.88,26.488,1.70E-02,0.002455333,23,7.00E-07,1.01097E-07,6.58E-05,9.50316E-06,7.90E-04,0.000114038,675.53,12.75156275,
8,J2C,J,J2,CON,2,SP,5-Feb-18,26.2,0.89,23.318,1.56E-02,0.002455333,23,6.42E-07,1.01097E-07,6.04E-05,9.50316E-06,7.25E-04,0.000114038,610.5,13.0908271,
9,J2D,J,J2,EXC,2,SP,5-Feb-18,28.4,0.85,24.14,2.11E-02,0.002455333,23,8.69E-07,1.01097E-07,8.17E-05,9.50316E-06,9.80E-04,0.000114038,865.95,17.93602354,
10,J2E,J,J2,REM,2,SP,5-Feb-18,27.9,0.86,23.994,1.80E-02,0.002455333,23,7.41E-07,1.01097E-07,6.97E-05,9.50316E-06,8.36E-04,0.000114038,721.97,15.04483977,
11,J2F,J,J2,FIX,2,SP,5-Feb-18,29.5,0.89,26.255,1.75E-02,0.002455333,23,7.21E-07,1.01097E-07,6.77E-05,9.50316E-06,8.13E-04,0.000114038,698.75,13.30697542,
12,J3C,J,J3,CON,2,SP,5-Feb-18,31.4,0.89,27.946,NA,NA,23,NA,NA,NA,NA,NA,NA,NA,NA,
13,J3D,J,J3,FIX,2,SP,5-Feb-18,29,0.87,25.23,NA,NA,23,NA,NA,NA,NA,NA,NA,NA,NA,
14,J3E,J,J3,REM,2,SP,5-Feb-18,30.1,0.88,26.488,NA,NA,23,NA,NA,NA,NA,NA,NA,NA,NA,
15,J3F,J,J3,NOF,2,SP,5-Feb-18,29.4,0.88,25.872,NA,NA,23,NA,NA,NA,NA,NA,NA,NA,NA,
16,J4A,J,J4,CON,2,SP,5-Feb-18,28.6,0.89,25.454,NA,NA,23,NA,NA,NA,NA,NA,NA,NA,NA,
17,J4B,J,J4,REM,2,SP,5-Feb-18,27.4,0.87,23.838,NA,NA,23,NA,NA,NA,NA,NA,NA,NA,NA,
18,J4C,J,J4,NOF,2,SP,5-Feb-18,28.7,0.88,25.256,NA,NA,23,NA,NA,NA,NA,NA,NA,NA,NA,
19,J4D,J,J4,EXC,2,SP,5-Feb-18,28.2,0.87,24.534,NA,NA,23,NA,NA,NA,NA,NA,NA,NA,NA,
20,J4E,J,J4,FIX,2,SP,5-Feb-18,26.3,0.85,22.355,NA,NA,23,NA,NA,NA,NA,NA,NA,NA,NA,
21,J5A,J,J5,FIX,2,SP,5-Feb-18,27.4,0.86,23.564,NA,NA,23,NA,NA,NA,NA,NA,NA,NA,NA,
22,J5B,J,J5,REM,2,SP,5-Feb-18,29.4,0.88,25.872,NA,NA,23,NA,NA,NA,NA,NA,NA,NA,NA,
23,J5C,J,J5,NOF,2,SP,5-Feb-18,29.4,0.87,25.578,NA,NA,23,NA,NA,NA,NA,NA,NA,NA,NA,
24,J5D,J,J5,EXC,2,SP,5-Feb-18,29.4,0.88,25.872,NA,NA,23,NA,NA,NA,NA,NA,NA,NA,NA,
25,J5E,J,J5,CON,2,SP,5-Feb-18,28.8,0.89,25.632,NA,NA,23,NA,NA,NA,NA,NA,NA,NA,NA,
26,J5F,J,J5,HAL,2,SP,5-Feb-18,26.2,0.88,23.056,NA,NA,23,NA,NA,NA,NA,NA,NA,NA,NA,
27,J6A,J,J6,EXC,2,SP,5-Feb-18,26.4,0.85,22.44,NA,NA,23,NA,NA,NA,NA,NA,NA,NA,NA,
28,J6B,J,J6,CON,2,SP,5-Feb-18,28.7,0.86,24.682,NA,NA,23,NA,NA,NA,NA,NA,NA,NA,NA,
29,J6C,J,J6,REM,2,SP,5-Feb-18,30.9,0.89,27.501,NA,NA,23,NA,NA,NA,NA,NA,NA,NA,NA,
30,J6D,J,J6,FIX,2,SP,5-Feb-18,29.7,0.88,26.136,NA,NA,23,NA,NA,NA,NA,NA,NA,NA,NA,
31,J6E,J,J6,NOF,2,SP,5-Feb-18,32.8,0.89,29.192,NA,NA,23,NA,NA,NA,NA,NA,NA,NA,NA,
32,K1A,K,K1,CON,2,FA,5-Feb-18,26.6,0.85,22.61,NA,NA,23,NA,NA,NA,NA,NA,NA,NA,NA,
33,K1B,K,K1,REM,2,FA,5-Feb-18,27,0.86,23.22,NA,NA,23,NA,NA,NA,NA,NA,NA,NA,NA,
34,K1C,K,K1,NOF,2,FA,5-Feb-18,29.8,0.84,25.032,NA,NA,23,NA,NA,NA,NA,NA,NA,NA,NA,
35,K1D,K,K1,EXC,2,FA,5-Feb-18,29.4,0.85,24.99,NA,NA,23,NA,NA,NA,NA,NA,NA,NA,NA,
36,K1E,K,K1,FIX,2,FA,5-Feb-18,27.6,0.84,23.184,NA,NA,23,NA,NA,NA,NA,NA,NA,NA,NA,
37,K3A,K,K3,CON,2,FA,5-Feb-18,29.2,0.87,25.404,NA,NA,23,NA,NA,NA,NA,NA,NA,NA,NA,
38,K3B,K,K3,REM,2,FA,5-Feb-18,32.7,0.87,28.449,NA,NA,23,NA,NA,NA,NA,NA,NA,NA,NA,
39,K3C,K,K3,NOF,2,FA,5-Feb-18,26.3,0.91,23.933,NA,NA,23,NA,NA,NA,NA,NA,NA,NA,NA,
40,K3D,K,K3,EXC,2,FA,5-Feb-18,28.7,0.86,24.682,NA,NA,23,NA,NA,NA,NA,NA,NA,NA,NA,
41,K3E,K,K3,FIX,2,FA,5-Feb-18,25.7,0.85,21.845,NA,NA,23,NA,NA,NA,NA,NA,NA,NA,NA,
42,K5A,K,K5,FIX,2,FA,5-Feb-18,27.8,0.87,24.186,NA,NA,23,NA,NA,NA,NA,NA,NA,NA,NA,
43,K5B,K,K5,REM,2,FA,5-Feb-18,27.6,0.85,23.46,NA,NA,23,NA,NA,NA,NA,NA,NA,NA,NA,
44,K5C,K,K5,NOF,2,FA,5-Feb-18,26.3,0.89,23.407,NA,NA,23,NA,NA,NA,NA,NA,NA,NA,NA,
45,K5D,K,K5,CON,2,FA,5-Feb-18,27.4,0.87,23.838,NA,NA,23,NA,NA,NA,NA,NA,NA,NA,NA,
46,K5E,K,K5,EXC,2,FA,5-Feb-18,28.6,0.88,25.168,NA,NA,23,NA,NA,NA,NA,NA,NA,NA,NA,
47,L1E,L,L1,EXC,2,FA,5-Feb-18,27.9,0.83,23.157,NA,NA,23,NA,NA,NA,NA,NA,NA,NA,NA,
48,L1F,L,L1,CON,2,FA,5-Feb-18,31,0.85,26.35,NA,NA,23,NA,NA,NA,NA,NA,NA,NA,NA,
49,L3C,L,L3,CON,2,FA,5-Feb-18,25.8,0.83,21.414,NA,NA,23,NA,NA,NA,NA,NA,NA,NA,NA,
50,L3D,L,L3,EXC,2,FA,5-Feb-18,25.1,0.82,20.582,NA,NA,23,NA,NA,NA,NA,NA,NA,NA,NA,
51,L5A,L,L5,EXC,2,FA,5-Feb-18,28.3,0.87,24.621,NA,NA,23,NA,NA,NA,NA,NA,NA,NA,NA,
52,L5B,L,L5,CON,2,FA,5-Feb-18,27.4,0.85,23.29,NA,NA,23,NA,NA,NA,NA,NA,NA,NA,NA,
53,L6A,L,L6,HAL,2,FA,5-Feb-18,29.7,0.87,25.839,NA,NA,23,NA,NA,NA,NA,NA,NA,NA,NA,
54,L6F,L,L6,EXC,2,FA,5-Feb-18,26.2,0.85,22.27,NA,NA,23,NA,NA,NA,NA,NA,NA,NA,NA,
55,T1A,T,T1,REM,2,SP,5-Feb-18,28.5,0.85,24.225,NA,NA,23,NA,NA,NA,NA,NA,NA,NA,NA,
56,T1B,T,T1,NOF,2,SP,5-Feb-18,29.6,0.88,26.048,NA,NA,23,NA,NA,NA,NA,NA,NA,NA,NA,
57,T1C,T,T1,EXC,2,SP,5-Feb-18,28.9,0.89,25.721,NA,NA,23,NA,NA,NA,NA,NA,NA,NA,NA,
58,T1D,T,T1,CON,2,SP,5-Feb-18,28.3,0.87,24.621,NA,NA,23,NA,NA,NA,NA,NA,NA,NA,NA,
59,T1E,T,T1,FIX,2,SP,5-Feb-18,29.8,0.89,26.522,NA,NA,23,NA,NA,NA,NA,NA,NA,NA,NA,
60,T3A,T,T3,REM,2,SP,5-Feb-18,28.3,0.89,25.187,NA,NA,23,NA,NA,NA,NA,NA,NA,NA,NA,
61,T3B,T,T3,NOF,2,SP,5-Feb-18,28.5,0.87,24.795,NA,NA,23,NA,NA,NA,NA,NA,NA,NA,NA,
62,T3C,T,T3,CON,2,SP,5-Feb-18,29.2,0.89,25.988,NA,NA,23,NA,NA,NA,NA,NA,NA,NA,NA,
63,T3D,T,T3,FIX,2,SP,5-Feb-18,27.1,0.86,23.306,NA,NA,23,NA,NA,NA,NA,NA,NA,NA,NA,
64,T3E,T,T3,EXC,2,SP,5-Feb-18,29.8,0.86,25.628,NA,NA,23,NA,NA,NA,NA,NA,NA,NA,NA,
65,T4E,T,T4,EXC,2,SP,5-Feb-18,29.3,0.84,24.612,NA,NA,23,NA,NA,NA,NA,NA,NA,NA,NA,
66,T4F,T,T4,CON,2,SP,5-Feb-18,26.7,0.84,22.428,NA,NA,23,NA,NA,NA,NA,NA,NA,NA,NA,
67,T5D,T,T5,CON,2,SP,5-Feb-18,29.4,0.86,25.284,NA,NA,23,NA,NA,NA,NA,NA,NA,NA,NA,
68,T5E,T,T5,EXC,2,SP,5-Feb-18,29.4,0.84,24.696,NA,NA,23,NA,NA,NA,NA,NA,NA,NA,NA,
69,T5F,T,T5,HAL,2,SP,5-Feb-18,29,0.86,24.94,NA,NA,23,NA,NA,NA,NA,NA,NA,NA,NA,
70,T6B,T,T6,CON,2,SP,5-Feb-18,29.9,0.84,25.116,NA,NA,23,NA,NA,NA,NA,NA,NA,NA,NA,
71,T6E,T,T6,EXC,2,SP,5-Feb-18,27.9,0.85,23.715,NA,NA,23,NA,NA,NA,NA,NA,NA,NA,NA,
72,T6F,T,T6,HAL,2,SP,5-Feb-18,27.6,0.84,23.184,NA,NA,23,NA,NA,NA,NA,NA,NA,NA,NA,
73,J1A,J,J1,REM,3,SP,5-Mar-18,26.5,0.86,22.79,1.26E-02,0.00244,23,5.19E-07,1.00329E-07,4.88E-05,9.43091E-06,5.85E-04,0.000113171,472.04,1.04E+01,
74,J1B,J,J1,EXC,3,SP,5-Mar-18,21,0.8,16.8,1.83E-02,0.00244,23,7.53E-07,1.00329E-07,7.08E-05,9.43091E-06,8.50E-04,0.000113171,736.77,2.19E+01,
75,J1C,J,J1,FIX,3,SP,5-Mar-18,24,0.83,19.92,1.87E-02,0.00244,23,7.70E-07,1.00329E-07,7.24E-05,9.43091E-06,8.69E-04,0.000113171,755.35,1.90E+01,
76,J1D,J,J1,CON,3,SP,5-Mar-18,22.7,0.81,18.387,2.22E-02,0.00244,23,9.14E-07,1.00329E-07,8.59E-05,9.43091E-06,1.03E-03,0.000113171,917.91,24.96077854,
77,J1E,J,J1,NOF,3,SP,5-Mar-18,24.4,0.8,19.52,2.09E-02,0.00244,23,8.61E-07,1.00329E-07,8.09E-05,9.43091E-06,9.71E-04,0.000113171,857.53,21.96539941,
78,J2B,J,J2,NOF,3,SP,5-Mar-18,25.3,0.84,21.252,1.82E-02,0.00244,23,7.49E-07,1.00329E-07,7.04E-05,9.43091E-06,8.45E-04,0.000113171,732.13,17.22491389,
79,J2C,J,J2,CON,3,SP,5-Mar-18,24,0.82,19.68,2.13E-02,0.00244,23,8.77E-07,1.00329E-07,8.24E-05,9.43091E-06,9.89E-04,0.000113171,876.11,22.25882078,
80,J2D,J,J2,EXC,3,SP,5-Mar-18,26.7,0.83,22.161,2.46E-02,0.00244,23,1.01E-06,1.00329E-07,9.52E-05,9.43091E-06,1.14E-03,0.000113171,"1,029.38",23.22493633,
81,J2E,J,J2,REM,3,SP,5-Mar-18,23.2,0.81,18.792,1.94E-02,0.00244,23,7.99E-07,1.00329E-07,7.51E-05,9.43091E-06,9.01E-04,0.000113171,787.86,20.96268942,
82,J2F,J,J2,FIX,3,SP,5-Mar-18,25.1,0.83,20.833,2.09E-02,0.00244,23,8.61E-07,1.00329E-07,8.09E-05,9.43091E-06,9.71E-04,0.000113171,857.53,20.58102992,
83,J3C,J,J3,CON,3,SP,5-Mar-18,23.7,0.85,20.145,1.92E-02,0.00244,23,7.91E-07,1.00329E-07,7.43E-05,9.43091E-06,8.92E-04,0.000113171,778.57,19.32421749,
84,J3D,J,J3,FIX,3,SP,5-Mar-18,25.6,0.86,22.016,1.72E-02,0.00244,23,7.08E-07,1.00329E-07,6.66E-05,9.43091E-06,7.99E-04,0.000113171,685.68,15.57237368,
85,J3E,J,J3,REM,3,SP,5-Mar-18,23.4,0.82,19.188,2.08E-02,0.00244,23,8.56E-07,1.00329E-07,8.05E-05,9.43091E-06,9.66E-04,0.000113171,852.88,22.22442919,
86,J3F,J,J3,NOF,3,SP,5-Mar-18,22.3,0.8,17.84,2.34E-02,0.00244,23,9.63E-07,1.00329E-07,9.06E-05,9.43091E-06,1.09E-03,0.000113171,973.64,27.28816281,
87,J4A,J,J4,CON,3,SP,11-Mar-18,30.5,0.865,26.3825,1.44E-02,0.0024,23,5.93E-07,9.89564E-08,5.57E-05,9.3019E-06,6.69E-04,0.000111623,557.18,1.06E+01,
88,J4B,J,J4,REM,3,SP,11-Mar-18,30.4,0.845,25.688,1.27E-02,0.0024,23,5.23E-07,9.89564E-08,4.92E-05,9.3019E-06,5.90E-04,0.000111623,478.23,9.31E+00,
89,J4C,J,J4,NOF,3,SP,11-Mar-18,29.2,0.865,25.258,1.57E-02,0.0024,23,6.46E-07,9.89564E-08,6.08E-05,9.3019E-06,7.29E-04,0.000111623,617.56,1.22E+01,
90,J4D,J,J4,EXC,3,SP,11-Mar-18,28.8,0.86,24.768,1.66E-02,0.0024,23,6.83E-07,9.89564E-08,6.42E-05,9.3019E-06,7.71E-04,0.000111623,659.36,1.33E+01,
91,J4E,J,J4,FIX,3,SP,11-Mar-18,28.2,0.85,23.97,1.55E-02,0.0024,23,6.38E-07,9.89564E-08,6.12E-05,9.3019E-06,7.35E-04,0.000111623,622.97,12.99470659,
92,J5A,J,J5,FIX,3,SP,11-Mar-18,27.6,0.85,23.46,1.38E-02,0.0024,23,5.68E-07,9.89564E-08,5.56E-05,9.3019E-06,6.68E-04,0.000111623,556.02,11.85046565,
93,J5B,J,J5,REM,3,SP,11-Mar-18,31,0.865,26.815,1.15E-02,0.0024,23,4.74E-07,9.89564E-08,4.45E-05,9.3019E-06,5.34E-04,0.000111623,422.49,7.88E+00,
94,J5C,J,J5,NOF,3,SP,11-Mar-18,29.5,0.85,25.075,1.27E-02,0.0024,23,5.23E-07,9.89564E-08,4.92E-05,9.3019E-06,5.90E-04,0.000111623,478.23,9.54E+00,
95,J5D,J,J5,EXC,3,SP,11-Mar-18,30.1,0.855,25.7355,1.57E-02,0.0024,23,6.46E-07,9.89564E-08,6.46E-05,9.3019E-06,7.76E-04,0.000111623,664.11,12.90255196,
96,J5E,J,J5,CON,3,SP,11-Mar-18,30.7,0.87,26.709,1.59E-02,0.0024,23,6.55E-07,9.89564E-08,6.41E-05,9.3019E-06,7.69E-04,0.000111623,657.62,12.31087363,
97,J6A,J,J6,EXC,3,SP,5-Mar-18,31.4,0.81,25.434,2.63E-02,0.00244,23,1.08E-06,1.00329E-07,1.02E-04,9.43091E-06,1.22E-03,0.000113171,"1,108.33",21.78839542,
98,J6B,J,J6,CON,3,SP,5-Mar-18,28.3,0.82,23.206,0.026036,0.00244,23,1.07202E-06,1.00329E-07,0.00010077,9.43091E-06,0.001209242,0.000113171,"1,096.07",23.61610408,
99,J6C,J,J6,REM,3,SP,5-Mar-18,30.5,0.84,25.62,1.30E-02,0.00244,23,5.35E-07,1.00329E-07,5.03E-05,9.43091E-06,6.04E-04,0.000113171,490.61,9.574821065,
100,J6D,J,J6,FIX,3,SP,5-Mar-18,29.1,0.83,24.153,1.92E-02,0.00244,23,7.91E-07,1.00329E-07,7.43E-05,9.43091E-06,8.92E-04,0.000113171,778.57,16.11751589,
101,J6E,J,J6,NOF,3,SP,5-Mar-18,27.1,0.83,22.493,1.72E-02,0.00244,23,7.08E-07,1.00329E-07,6.66E-05,9.43091E-06,7.99E-04,0.000113171,685.68,15.24213661,
102,K1A,K,K1,CON,3,FA,5-Mar-18,28,0.8,22.4,2.14E-02,0.00244,23,8.81E-07,1.00329E-07,8.28E-05,9.43091E-06,9.94E-04,0.000113171,880.75,19.6596358,
103,K1B,K,K1,REM,3,FA,5-Mar-18,26.1,0.82,21.402,1.71E-02,0.00244,23,7.04E-07,1.00329E-07,6.62E-05,9.43091E-06,7.94E-04,0.000113171,681.04,15.91062189,
104,K1C,K,K1,NOF,3,FA,5-Mar-18,28,0.81,22.68,2.65E-02,0.00244,23,1.09E-06,1.00329E-07,1.03E-04,9.43091E-06,1.23E-03,0.000113171,"1,117.62",24.63891302,
105,K1D,K,K1,EXC,3,FA,5-Mar-18,28,0.81,22.68,2.19E-02,0.00244,23,9.02E-07,1.00329E-07,8.48E-05,9.43091E-06,1.02E-03,0.000113171,903.97,19.92888393,
106,K1E,K,K1,FIX,3,FA,5-Mar-18,28.2,0.81,22.842,2.11E-02,0.00244,23,8.69E-07,1.00329E-07,8.17E-05,9.43091E-06,9.80E-04,0.000113171,866.82,18.97421831,
107,K3A,K,K3,CON,3,FA,11-Mar-18,28.1,0.82,23.042,1.77E-02,0.0024,23,7.29E-07,9.89564E-08,6.85E-05,9.3019E-06,8.22E-04,0.000111623,710.45,1.54E+01,
108,K3B,K,K3,REM,3,FA,11-Mar-18,31.3,0.85,26.605,1.37E-02,0.0024,23,5.64E-07,9.89564E-08,5.30E-05,9.3019E-06,6.36E-04,0.000111623,524.67,9.86E+00,
109,K3C,K,K3,NOF,3,FA,11-Mar-18,30.3,0.86,26.058,9.21E-03,0.0024,23,3.79E-07,9.89564E-08,3.87E-05,9.3019E-06,4.65E-04,0.000111623,353.33,6.779719987,
110,K3D,K,K3,EXC,3,FA,11-Mar-18,29.2,0.845,24.674,1.91E-02,0.0024,23,7.86E-07,9.89564E-08,7.70E-05,9.3019E-06,9.24E-04,0.000111623,812.44,16.46346064,
111,K3E,K,K3,FIX,3,FA,11-Mar-18,27.2,0.82,22.304,1.44E-02,0.0024,23,5.93E-07,9.89564E-08,5.57E-05,9.3019E-06,6.69E-04,0.000111623,557.18,1.25E+01,
112,K5A,K,K5,FIX,3,FA,5-Mar-18,28,0.82,22.96,0.013931,0.00244,23,5.73604E-07,1.00329E-07,5.39188E-05,9.43091E-06,0.000647025,0.000113171,533.85,11.62574281,
113,K5B,K,K5,REM,3,FA,5-Mar-18,29.5,0.8,23.6,2.12E-02,0.00244,23,8.73E-07,1.00329E-07,8.21E-05,9.43091E-06,9.85E-04,0.000113171,871.46,18.46319253,
114,K5C,K,K5,NOF,3,FA,5-Mar-18,28.8,0.82,23.616,1.89E-02,0.00244,23,7.78E-07,1.00329E-07,7.32E-05,9.43091E-06,8.78E-04,0.000113171,764.64,16.18900804,
115,K5D,K,K5,CON,3,FA,5-Mar-18,27.9,0.83,23.157,1.90E-02,0.00244,23,7.82E-07,1.00329E-07,7.35E-05,9.43091E-06,8.82E-04,0.000113171,769.28,16.61017675,
116,K5E,K,K5,EXC,3,FA,5-Mar-18,28.1,0.82,23.042,2.03E-02,0.00244,23,8.36E-07,1.00329E-07,7.86E-05,9.43091E-06,9.43E-04,0.000113171,829.66,18.00325934,
117,L1E,L,L1,EXC,3,FA,5-Mar-18,30.6,0.8,24.48,0.019682,0.00244,23,8.10399E-07,1.00329E-07,7.61775E-05,9.43091E-06,0.00091413,0.000113171,800.96,16.35946087,
118,L1F,L,L1,CON,3,FA,5-Mar-18,32.2,0.8,25.76,2.69E-02,0.00244,23,1.11E-06,1.00329E-07,1.04E-04,9.43091E-06,1.25E-03,0.000113171,"1,136.20",22.05355372,
119,L3C,L,L3,CON,3,FA,5-Mar-18,27.2,0.8,21.76,1.80E-02,0.00244,23,7.41E-07,1.00329E-07,6.97E-05,9.43091E-06,8.36E-04,0.000113171,722.84,16.60934613,
120,L3D,L,L3,EXC,3,FA,5-Mar-18,28.8,0.81,23.328,1.90E-02,0.00244,23,7.82E-07,1.00329E-07,7.35E-05,9.43091E-06,8.82E-04,0.000113171,769.28,16.48842006,
121,L5A,L,L5,EXC,3,FA,5-Mar-18,30.3,0.84,25.452,0.015709,0.00244,23,6.46812E-07,1.00329E-07,6.08004E-05,9.43091E-06,0.000729604,0.000113171,616.43,12.109722,
122,L5B,L,L5,CON,3,FA,5-Mar-18,29.4,0.81,23.814,2.17E-02,0.00244,23,8.93E-07,1.00329E-07,8.40E-05,9.43091E-06,1.01E-03,0.000113171,894.69,18.7848572,
123,L6A,L,L6,HAL,3,FA,5-Mar-18,52,0.83,43.16,2.71E-02,0.00244,23,1.12E-06,1.00329E-07,1.05E-04,9.43091E-06,1.26E-03,0.000113171,"1,145.49",13.27025121,
124,L6F,L,L6,EXC,3,FA,5-Mar-18,40.4,0.83,33.532,1.77E-02,0.00244,23,7.29E-07,1.00329E-07,6.85E-05,9.43091E-06,8.22E-04,0.000113171,708.91,10.57057809,
125,T1A,T,T1,REM,3,SP,11-Mar-18,26.5,0.81,21.465,1.61E-02,0.0024,23,6.63E-07,9.89564E-08,6.36E-05,9.3019E-06,7.63E-04,0.000111623,651.4,15.17358345,
126,T1B,T,T1,NOF,3,SP,11-Mar-18,27.4,0.83,22.742,1.86E-02,0.0024,23,7.66E-07,9.89564E-08,7.20E-05,9.3019E-06,8.64E-04,0.000111623,752.25,1.65E+01,
127,T1C,T,T1,EXC,3,SP,11-Mar-18,28.6,0.85,24.31,1.42E-02,0.0024,23,5.85E-07,9.89564E-08,5.50E-05,9.3019E-06,6.60E-04,0.000111623,547.9,1.13E+01,
128,T1D,T,T1,CON,3,SP,11-Mar-18,27.3,0.86,23.478,1.46E-02,0.0024,23,6.01E-07,9.89564E-08,5.65E-05,9.3019E-06,6.78E-04,0.000111623,566.47,1.21E+01,
129,T1E,T,T1,FIX,3,SP,11-Mar-18,27.9,0.87,24.273,1.14E-02,0.0024,23,4.69E-07,9.89564E-08,4.41E-05,9.3019E-06,5.29E-04,0.000111623,417.85,8.61E+00,
130,T3C,T,T3,CON,3,SP,11-Mar-18,28.1,0.865,24.3065,1.17E-02,0.0024,23,4.82E-07,9.89564E-08,4.53E-05,9.3019E-06,5.43E-04,0.000111623,431.78,8.88E+00,
131,T3E,T,T3,EXC,3,SP,11-Mar-18,26.7,0.855,22.8285,1.12E-02,0.0024,23,4.61E-07,9.89564E-08,4.61E-05,9.3019E-06,5.53E-04,0.000111623,441.76,9.675717864,
132,T4E,T,T4,EXC,3,SP,11-Mar-18,26.6,0.82,21.812,1.61E-02,0.0024,23,6.63E-07,9.89564E-08,6.23E-05,9.3019E-06,7.48E-04,0.000111623,636.14,1.46E+01,
133,T4F,T,T4,CON,3,SP,11-Mar-18,26.5,0.81,21.465,1.36E-02,0.0024,23,5.60E-07,9.89564E-08,5.72E-05,9.3019E-06,6.87E-04,0.000111623,574.96,13.39285411,
134,T5D,T,T5,CON,3,SP,11-Mar-18,26.9,0.825,22.1925,1.51E-02,0.0024,23,6.22E-07,9.89564E-08,5.84E-05,9.3019E-06,7.01E-04,0.000111623,589.7,1.33E+01,
135,T5E,T,T5,EXC,3,SP,11-Mar-18,27.8,0.82,22.796,1.81E-02,0.0024,23,7.45E-07,9.89564E-08,7.61E-05,9.3019E-06,9.14E-04,0.000111623,802.13,17.59369564,
136,T6B,T,T6,CON,3,SP,11-Mar-18,25.7,0.825,21.2025,1.43E-02,0.0024,23,5.89E-07,9.89564E-08,5.53E-05,9.3019E-06,6.64E-04,0.000111623,552.54,1.30E+01,
137,T6E,T,T6,EXC,3,SP,11-Mar-18,25.7,0.81,20.817,1.55E-02,0.0024,23,6.38E-07,9.89564E-08,6.12E-05,9.3019E-06,7.35E-04,0.000111623,622.97,14.96292054,
138,J1A,J,J1,REM,4,SP,2-Apr-18,31.3,0.918,28.7334,7.26E-03,0.00253,23,2.99E-07,1.04007E-07,2.81E-05,9.77667E-06,3.37E-04,0.00011732,219.87,3.826044724,
139,J1B,J,J1,EXC,4,SP,2-Apr-18,25.7,0.8755,22.50035,1.31E-02,0.00253,23,5.39E-07,1.04007E-07,5.07E-05,9.77667E-06,6.08E-04,0.00011732,491.11,10.913369,
140,J1C,J,J1,FIX,4,SP,2-Apr-18,30,0.9155,27.465,9.23E-03,0.00253,23,3.80E-07,1.04007E-07,3.57E-05,9.77667E-06,4.29E-04,0.00011732,311.37,5.668435507,
141,J1D,J,J1,CON,4,SP,2-Apr-18,28.6,0.892,25.5112,1.73E-02,0.00253,23,7.12E-07,1.04007E-07,6.70E-05,9.77667E-06,8.03E-04,0.00011732,686.18,13.44856712,
142,J1E,J,J1,NOF,4,SP,2-Apr-18,26.6,0.869,23.1154,1.63E-02,0.00253,23,6.71E-07,1.04007E-07,6.31E-05,9.77667E-06,7.57E-04,0.00011732,639.73,13.8378135,
143,J2B,J,J2,NOF,4,SP,2-Apr-18,31.4,0.908,28.5112,1.25E-02,0.00253,23,5.15E-07,1.04007E-07,4.84E-05,9.77667E-06,5.81E-04,0.00011732,463.24,8.12386457,
144,J2C,J,J2,CON,4,SP,2-Apr-18,27,0.8925,24.0975,2.03E-02,0.00253,23,8.36E-07,1.04007E-07,7.86E-05,9.77667E-06,9.43E-04,0.00011732,825.51,17.12860501,
145,J2D,J,J2,EXC,4,SP,2-Apr-18,28.3,0.894,25.3002,2.08E-02,0.00253,23,8.56E-07,1.04007E-07,8.05E-05,9.77667E-06,9.66E-04,0.00011732,848.74,16.77329842,
146,J2E,J,J2,REM,4,SP,2-Apr-18,29.2,0.888,25.9296,1.66E-02,0.00253,23,6.83E-07,1.04007E-07,6.42E-05,9.77667E-06,7.71E-04,0.00011732,653.67,12.60464263,
147,J2F,J,J2,FIX,4,SP,2-Apr-18,30.7,0.9085,27.89095,0.014266,0.00253,23,5.87397E-07,1.04007E-07,5.52153E-05,9.77667E-06,0.000662584,0.00011732,545.26,9.774928679,
148,J3C,J,J3,CON,4,SP,2-Apr-18,29.7,0.8995,26.71515,1.43E-02,0.00253,23,5.89E-07,1.04007E-07,5.53E-05,9.77667E-06,6.64E-04,0.00011732,546.84,10.23470247,
149,J3D,J,J3,FIX,4,SP,2-Apr-18,31,0.9195,28.5045,1.33E-02,0.00253,23,5.48E-07,1.04007E-07,5.15E-05,9.77667E-06,6.18E-04,0.00011732,500.4,8.777530583,
150,J3E,J,J3,REM,4,SP,2-Apr-18,32.2,0.894,28.7868,1.21E-02,0.00253,23,4.98E-07,1.04007E-07,4.68E-05,9.77667E-06,5.62E-04,0.00011732,444.66,7.723405555,
151,J3F,J,J3,NOF,4,SP,2-Apr-18,25.3,0.8925,22.58025,1.65E-02,0.00253,23,6.79E-07,1.04007E-07,6.39E-05,9.77667E-06,7.66E-04,0.00011732,649.02,14.37145702,
152,J4A,J,J4,CON,4,SP,2-Apr-18,26.8,0.8965,24.0262,1.34E-02,0.00253,23,5.52E-07,1.04007E-07,5.19E-05,9.77667E-06,6.22E-04,0.00011732,505.04,10.51025005,
153,J4B,J,J4,REM,4,SP,2-Apr-18,30.8,0.896,27.5968,8.79E-03,0.00253,23,3.62E-07,1.04007E-07,3.40E-05,9.77667E-06,4.08E-04,0.00011732,290.93,5.271106978,
154,J4C,J,J4,NOF,4,SP,2-Apr-18,26.7,0.9,24.03,1.43E-02,0.00253,23,5.89E-07,1.04007E-07,5.53E-05,9.77667E-06,6.64E-04,0.00011732,546.84,11.37834423,
155,J4D,J,J4,EXC,4,SP,2-Apr-18,26.7,0.886,23.6562,1.85E-02,0.00253,23,7.62E-07,1.04007E-07,7.16E-05,9.77667E-06,8.59E-04,0.00011732,741.91,15.68113539,
156,J4E,J,J4,FIX,4,SP,2-Apr-18,25.5,0.8775,22.37625,0.02068,0.00253,23,8.51491E-07,1.04007E-07,8.00402E-05,9.77667E-06,0.000960482,0.00011732,843.16,18.84056112,
157,J5A,J,J5,FIX,4,SP,2-Apr-18,25.2,0.877,22.1004,1.36E-02,0.00253,23,5.60E-07,1.04007E-07,5.26E-05,9.77667E-06,6.32E-04,0.00011732,514.33,11.636254,
158,J5B,J,J5,REM,4,SP,2-Apr-18,26.4,0.888,23.4432,1.04E-02,0.00253,23,4.28E-07,1.04007E-07,4.03E-05,9.77667E-06,4.83E-04,0.00011732,365.71,7.799869299,
159,J5C,J,J5,NOF,4,SP,2-Apr-18,27.5,0.892,24.53,1.33E-02,0.00253,23,5.48E-07,1.04007E-07,5.15E-05,9.77667E-06,6.18E-04,0.00011732,500.4,10.19971955,
160,J5D,J,J5,EXC,4,SP,2-Apr-18,28.7,0.899,25.8013,9.05E-03,0.00253,23,3.73E-07,1.04007E-07,3.50E-05,9.77667E-06,4.20E-04,0.00011732,303.01,5.87193408,
161,J5E,J,J5,CON,4,SP,2-Apr-18,26.7,0.892,23.8164,1.57E-02,0.00253,23,6.46E-07,1.04007E-07,6.08E-05,9.77667E-06,7.29E-04,0.00011732,611.87,12.8454804,
162,J6A,J,J6,EXC,4,SP,2-Apr-18,26,0.8905,23.153,1.48E-02,0.00253,23,6.09E-07,1.04007E-07,5.73E-05,9.77667E-06,6.87E-04,0.00011732,570.07,12.31083909,
163,J6B,J,J6,CON,4,SP,2-Apr-18,25.4,0.906,23.0124,1.08E-02,0.00253,23,4.45E-07,1.04007E-07,4.18E-05,9.77667E-06,5.02E-04,0.00011732,384.29,8.349537312,
164,J6C,J,J6,REM,4,SP,2-Apr-18,25.8,0.8925,23.0265,1.00E-02,0.00253,23,4.12E-07,1.04007E-07,3.87E-05,9.77667E-06,4.64E-04,0.00011732,347.13,7.537615332,
165,J6D,J,J6,FIX,4,SP,2-Apr-18,28.6,0.9045,25.8687,1.23E-02,0.00253,23,5.06E-07,1.04007E-07,4.76E-05,9.77667E-06,5.71E-04,0.00011732,453.95,8.774179966,
166,J6E,J,J6,NOF,4,SP,2-Apr-18,28.4,0.9115,25.8866,9.69E-03,0.00253,23,3.99E-07,1.04007E-07,3.75E-05,9.77667E-06,4.50E-04,0.00011732,332.73,6.426719893,
167,K1A,K,K1,CON,4,FA,2-Apr-18,27,0.8605,23.2335,1.65E-02,0.00253,23,6.79E-07,1.04007E-07,6.39E-05,9.77667E-06,7.66E-04,0.00011732,649.02,13.96737867,
168,K1D,K,K1,EXC,4,FA,2-Apr-18,25.3,0.8625,21.82125,1.40E-02,0.00253,23,5.76E-07,1.04007E-07,5.42E-05,9.77667E-06,6.50E-04,0.00011732,532.91,12.21079747,
169,K3A,K,K3,CON,4,FA,2-Apr-18,26,0.875,22.75,1.18E-02,0.00253,23,4.86E-07,1.04007E-07,4.57E-05,9.77667E-06,5.48E-04,0.00011732,430.73,9.466610271,
170,K3D,K,K3,EXC,4,FA,2-Apr-18,25.3,0.8785,22.22605,1.43E-02,0.00253,23,5.89E-07,1.04007E-07,5.53E-05,9.77667E-06,6.64E-04,0.00011732,546.84,12.30185353,
171,K5D,K,K5,CON,4,FA,2-Apr-18,22.3,0.884,19.7132,2.00E-02,0.00253,23,8.23E-07,1.04007E-07,7.74E-05,9.77667E-06,9.29E-04,0.00011732,811.58,20.58467482,
172,K5E,K,K5,EXC,4,FA,2-Apr-18,25.2,0.882,22.2264,1.61E-02,0.00253,23,6.63E-07,1.04007E-07,6.23E-05,9.77667E-06,7.48E-04,0.00011732,630.44,14.18232804,
173,L1E,L,L1,EXC,4,FA,2-Apr-18,27.2,0.8715,23.7048,6.11E-03,0.00253,23,2.52E-07,1.04007E-07,2.36E-05,9.77667E-06,2.84E-04,0.00011732,166.46,3.511078287,
174,L1F,L,L1,CON,4,FA,2-Apr-18,29,0.857,24.853,1.73E-02,0.00253,23,7.12E-07,1.04007E-07,6.70E-05,9.77667E-06,8.03E-04,0.00011732,686.18,13.80473526,
175,L3C,L,L3,CON,4,FA,2-Apr-18,32.5,0.852,27.69,1.63E-02,0.00253,23,6.71E-07,1.04007E-07,6.31E-05,9.77667E-06,7.57E-04,0.00011732,639.73,11.55170077,
176,L3D,L,L3,EXC,4,FA,2-Apr-18,32.2,0.8365,26.9353,3.80E-02,0.00253,23,1.56E-06,1.04007E-07,1.47E-04,9.77667E-06,1.76E-03,0.00011732,"1,647.59",30.58420192,
177,L5A,L,L5,EXC,4,FA,2-Apr-18,32.6,0.891,29.0466,1.00E-02,0.00253,23,4.12E-07,1.04007E-07,3.87E-05,9.77667E-06,4.64E-04,0.00011732,347.13,5.975394692,
178,L5B,L,L5,CON,4,FA,2-Apr-18,32.6,0.8845,28.8347,1.56E-02,0.00253,23,6.42E-07,1.04007E-07,6.04E-05,9.77667E-06,7.25E-04,0.00011732,607.22,10.529357,
179,L6A,L,L6,HAL,4,FA,2-Apr-18,33,0.8855,29.2215,1.30E-02,0.00253,23,5.35E-07,1.04007E-07,5.03E-05,9.77667E-06,6.04E-04,0.00011732,486.46,8.323747006,
180,L6F,L,L6,EXC,4,FA,2-Apr-18,33.3,0.8855,29.48715,1.37E-02,0.00253,23,5.64E-07,1.04007E-07,5.30E-05,9.77667E-06,6.36E-04,0.00011732,518.98,8.800040594,
181,T1C,T,T1,EXC,4,SP,2-Apr-18,37.6,0.9205,34.6108,1.17E-02,0.00253,23,4.82E-07,1.04007E-07,4.53E-05,9.77667E-06,5.43E-04,0.00011732,426.09,6.15539469,
182,T1D,T,T1,CON,4,SP,2-Apr-18,32.8,0.876,28.7328,1.34E-02,0.00253,23,5.52E-07,1.04007E-07,5.19E-05,9.77667E-06,6.22E-04,0.00011732,505.04,8.788609869,
183,T3C,T,T3,CON,4,SP,2-Apr-18,34.2,0.897,30.6774,1.05E-02,0.00253,23,4.32E-07,1.04007E-07,4.06E-05,9.77667E-06,4.88E-04,0.00011732,370.35,6.036239873,
184,T3E,T,T3,EXC,4,SP,2-Apr-18,35.1,0.8915,31.29165,1.40E-02,0.00253,23,5.76E-07,1.04007E-07,5.42E-05,9.77667E-06,6.50E-04,0.00011732,532.91,8.515206593,
185,T4E,T,T4,EXC,4,SP,2-Apr-18,31.6,0.841,26.5756,2.07E-02,0.00253,23,8.52E-07,1.04007E-07,8.01E-05,9.77667E-06,9.61E-04,0.00011732,844.09,15.88094175,
186,T4F,T,T4,CON,4,SP,2-Apr-18,33,0.844,27.852,1.50E-02,0.00253,23,6.18E-07,1.04007E-07,5.81E-05,9.77667E-06,6.97E-04,0.00011732,579.35,10.40059441,
187,T5D,T,T5,CON,4,SP,2-Apr-18,31.7,0.86,27.262,1.76E-02,0.00253,23,7.25E-07,1.04007E-07,6.81E-05,9.77667E-06,8.17E-04,0.00011732,700.11,12.84043111,
188,T5E,T,T5,EXC,4,SP,2-Apr-18,33.7,0.8505,28.66185,1.92E-02,0.00253,23,7.91E-07,1.04007E-07,7.43E-05,9.77667E-06,8.92E-04,0.00011732,774.42,13.50965896,
189,T6B,T,T6,CON,4,SP,2-Apr-18,32.5,0.8555,27.80375,0.015052,0.00253,23,6.19761E-07,1.04007E-07,5.82575E-05,9.77667E-06,0.00069909,0.00011732,581.77,10.46207526,
190,T6E,T,T6,EXC,4,SP,2-Apr-18,30.6,0.846,25.8876,1.57E-02,0.00253,23,6.46E-07,1.04007E-07,6.08E-05,9.77667E-06,7.29E-04,0.00011732,611.87,11.8177467,
191,J1A,J,J1,REM,5,SP,30-Apr-18,31.38,0.92,28.8696,6.26E-03,2.46E-03,23,2.58E-07,1.01E-07,2.42E-05,9.52E-06,2.91E-04,1.14E-04,176.49,3.056691699,
192,J1B,J,J1,EXC,5,SP,30-Apr-18,28.36,0.91,25.8076,1.07E-02,2.46E-03,23,4.41E-07,1.01E-07,4.14E-05,9.52E-06,4.97E-04,1.14E-04,382.71,7.414611499,
193,J1C,J,J1,FIX,5,SP,30-Apr-18,29.61,0.93,27.5373,8.96E-03,2.46E-03,23,3.69E-07,1.01E-07,3.47E-05,9.52E-06,4.16E-04,1.14E-04,301.89,5.481517541,
194,J1D,J,J1,CON,5,SP,30-Apr-18,24.26,0.91,22.0766,1.10E-02,2.46E-03,23,4.53E-07,1.01E-07,4.26E-05,9.52E-06,5.11E-04,1.14E-04,396.64,8.983270753,
195,J1E,J,J1,NOF,5,SP,30-Apr-18,24.78,0.89,22.0542,3.08E-03,2.46E-03,23,1.27E-07,1.01E-07,1.19E-05,9.52E-06,1.43E-04,1.14E-04,28.8,0.652843656,Evidence of jar leaking. Probably throw out this value.
196,J2B,J,J2,NOF,5,SP,30-Apr-18,28.46,0.92,26.1832,1.03E-02,2.46E-03,23,4.24E-07,1.01E-07,3.99E-05,9.52E-06,4.78E-04,1.14E-04,364.13,6.953478996,
197,J2C,J,J2,CON,5,SP,30-Apr-18,25.51,0.91,23.2141,1.61E-02,2.46E-03,23,6.63E-07,1.01E-07,6.23E-05,9.52E-06,7.48E-04,1.14E-04,633.51,13.64493047,
198,J2D,J,J2,EXC,5,SP,30-Apr-18,26.3,0.92,24.196,1.33E-02,2.46E-03,23,5.48E-07,1.01E-07,5.15E-05,9.52E-06,6.18E-04,1.14E-04,503.46,10.40386035,
199,J2E,J,J2,REM,5,SP,30-Apr-18,26.97,0.91,24.5427,1.21E-02,2.46E-03,23,4.98E-07,1.01E-07,4.68E-05,9.52E-06,5.62E-04,1.14E-04,447.73,9.121442036,
200,J2F,J,J2,FIX,5,SP,30-Apr-18,32.25,0.92,29.67,1.42E-02,2.46E-03,23,5.85E-07,1.01E-07,5.50E-05,9.52E-06,6.60E-04,1.14E-04,545.26,9.188811831,
201,J3C,J,J3,CON,5,SP,30-Apr-18,27.79,0.91,25.2889,1.56E-02,2.46E-03,23,6.42E-07,1.01E-07,6.04E-05,9.52E-06,7.25E-04,1.14E-04,610.29,12.06630319,
202,J3D,J,J3,FIX,5,SP,30-Apr-18,30.69,0.93,28.5417,1.23E-02,2.46E-03,23,5.06E-07,1.01E-07,4.76E-05,9.52E-06,5.71E-04,1.14E-04,457.02,8.006156385,
203,J3E,J,J3,REM,5,SP,30-Apr-18,29.47,0.91,26.8177,1.07E-02,2.46E-03,23,4.41E-07,1.01E-07,4.14E-05,9.52E-06,4.97E-04,1.14E-04,382.71,7.135337025,
204,J3F,J,J3,NOF,5,SP,30-Apr-18,27.04,0.9,24.336,1.67E-02,2.46E-03,23,6.88E-07,1.01E-07,6.46E-05,9.52E-06,7.76E-04,1.14E-04,661.38,13.58843997,
205,J4A,J,J4,CON,5,SP,30-Apr-18,29.37,0.91,26.7267,1.30E-02,2.46E-03,23,5.35E-07,1.01E-07,5.03E-05,9.52E-06,6.04E-04,1.14E-04,489.53,9.158072548,
206,J4B,J,J4,REM,5,SP,30-Apr-18,29.23,0.91,26.5993,8.30E-03,2.46E-03,23,3.42E-07,1.01E-07,3.21E-05,9.52E-06,3.85E-04,1.14E-04,271.24,5.098605933,
207,J4C,J,J4,NOF,5,SP,30-Apr-18,32.04,0.92,29.4768,1.38E-02,2.46E-03,23,5.68E-07,1.01E-07,5.34E-05,9.52E-06,6.41E-04,1.14E-04,526.69,8.933909059,
208,J4D,J,J4,EXC,5,SP,30-Apr-18,25.61,0.89,22.7929,1.68E-02,2.46E-03,23,6.92E-07,1.01E-07,6.50E-05,9.52E-06,7.80E-04,1.14E-04,666.02,14.61027444,
209,J4E,J,J4,FIX,5,SP,30-Apr-18,24.22,0.89,21.5558,1.45E-02,2.46E-03,23,5.97E-07,1.01E-07,5.61E-05,9.52E-06,6.73E-04,1.14E-04,559.2,12.970931,
210,J5A,J,J5,FIX,5,SP,30-Apr-18,25.29,0.88,22.2552,0.014598,2.46E-03,23,6.01067E-07,1.01E-07,5.65003E-05,9.52E-06,0.000678004,1.14E-04,563.75,12.66556124,
211,J5B,J,J5,REM,5,SP,30-Apr-18,25.69,0.9,23.121,8.94E-03,2.46E-03,23,3.68E-07,1.01E-07,3.46E-05,9.52E-06,4.15E-04,1.14E-04,300.96,6.508444409,
212,J5C,J,J5,NOF,5,SP,30-Apr-18,25.85,0.9,23.265,1.11E-02,2.46E-03,23,4.57E-07,1.01E-07,4.30E-05,9.52E-06,5.16E-04,1.14E-04,401.28,8.624213377,
213,J5D,J,J5,EXC,5,SP,30-Apr-18,25.91,0.93,24.0963,1.12E-02,2.46E-03,23,4.61E-07,1.01E-07,4.33E-05,9.52E-06,5.20E-04,1.14E-04,405.93,8.423059696,
214,J5E,J,J5,CON,5,SP,30-Apr-18,24.51,0.9,22.059,1.64E-02,2.46E-03,23,6.75E-07,1.01E-07,6.35E-05,9.52E-06,7.62E-04,1.14E-04,647.44,14.67525852,
215,J6A,J,J6,EXC,5,SP,30-Apr-18,25.9,0.91,23.569,1.34E-02,2.46E-03,23,5.52E-07,1.01E-07,5.19E-05,9.52E-06,6.22E-04,1.14E-04,508.11,10.77916136,
216,J6B,J,J6,CON,5,SP,30-Apr-18,28.7,0.92,26.404,1.23E-02,2.46E-03,23,5.06E-07,1.01E-07,4.76E-05,9.52E-06,5.71E-04,1.14E-04,457.02,8.654344558,
217,J6C,J,J6,REM,5,SP,30-Apr-18,27.3,0.92,25.116,8.76E-03,2.46E-03,23,3.61E-07,1.01E-07,3.39E-05,9.52E-06,4.07E-04,1.14E-04,292.6,5.825039606,
218,J6D,J,J6,FIX,5,SP,30-Apr-18,29.8,0.92,27.416,1.10E-02,2.46E-03,23,4.53E-07,1.01E-07,4.26E-05,9.52E-06,5.11E-04,1.14E-04,396.64,7.233734867,
219,J6E,J,J6,NOF,5,SP,30-Apr-18,30.4,0.92,27.968,9.49E-03,2.46E-03,23,3.91E-07,1.01E-07,3.67E-05,9.52E-06,4.41E-04,1.14E-04,326.51,5.837175105,
220,K1A,K,K1,CON,5,FA,30-Apr-18,24.56,0.87,21.3672,1.46E-02,2.46E-03,23,6.01E-07,1.01E-07,5.65E-05,9.52E-06,6.78E-04,1.14E-04,563.84,13.19410328,
221,K1D,K,K1,EXC,5,FA,30-Apr-18,24.8,0.86,21.328,1.50E-02,2.46E-03,23,6.18E-07,1.01E-07,5.81E-05,9.52E-06,6.97E-04,1.14E-04,582.42,13.6538841,
222,K3A,K,K3,CON,5,FA,30-Apr-18,23.46,0.89,20.8794,1.12E-02,2.46E-03,23,4.61E-07,1.01E-07,4.33E-05,9.52E-06,5.20E-04,1.14E-04,405.93,9.720804877,
223,K3D,K,K3,EXC,5,FA,30-Apr-18,24.21,0.89,21.5469,0.01543,2.46E-03,23,6.35325E-07,1.01E-07,5.97205E-05,9.52E-06,0.000716646,1.14E-04,602.39,13.97860997,
224,K5D,K,K5,CON,5,FA,30-Apr-18,24.17,0.9,21.753,9.28E-03,2.46E-03,23,3.82E-07,1.01E-07,3.59E-05,9.52E-06,4.31E-04,1.14E-04,316.75,7.280714853,
225,K5E,K,K5,EXC,5,FA,30-Apr-18,25.88,0.89,23.0332,1.30E-02,2.46E-03,23,5.35E-07,1.01E-07,5.03E-05,9.52E-06,6.04E-04,1.14E-04,489.53,10.62661973,
226,L1E,L,L1,EXC,5,FA,30-Apr-18,24.03,0.87,20.9061,1.28E-02,2.46E-03,23,5.27E-07,1.01E-07,4.95E-05,9.52E-06,5.94E-04,1.14E-04,480.24,11.4856697,
227,L1F,L,L1,CON,5,FA,30-Apr-18,24.86,0.9,22.374,1.19E-02,2.46E-03,23,4.90E-07,1.01E-07,4.61E-05,9.52E-06,5.53E-04,1.14E-04,438.44,9.797993976,
228,L3C,L,L3,CON,5,FA,30-Apr-18,23.52,0.87,20.4624,1.28E-02,2.46E-03,23,5.27E-07,1.01E-07,4.95E-05,9.52E-06,5.94E-04,1.14E-04,480.24,11.73472121,
229,L3D,L,L3,EXC,5,FA,30-Apr-18,24.65,0.87,21.4455,1.29E-02,2.46E-03,23,5.31E-07,1.01E-07,4.99E-05,9.52E-06,5.99E-04,1.14E-04,484.89,11.30506672,
230,L5A,L,L5,EXC,5,FA,30-Apr-18,26.14,0.91,23.7874,8.29E-03,2.46E-03,23,3.41E-07,1.01E-07,3.21E-05,9.52E-06,3.85E-04,1.14E-04,270.77,5.691547789,
231,L5B,L,L5,CON,5,FA,30-Apr-18,24.51,0.88,21.5688,0.013504,2.46E-03,23,5.56022E-07,1.01E-07,5.22661E-05,9.52E-06,0.000627193,1.14E-04,512.94,11.89074928,
232,L6A,L,L6,HAL,5,FA,30-Apr-18,26.24,0.9,23.616,8.25E-03,2.46E-03,23,3.40E-07,1.01E-07,3.19E-05,9.52E-06,3.83E-04,1.14E-04,268.92,5.693522367,
233,L6F,L,L6,EXC,5,FA,30-Apr-18,23.47,0.89,20.8883,9.40E-03,2.46E-03,23,3.87E-07,1.01E-07,3.64E-05,9.52E-06,4.37E-04,1.14E-04,322.33,7.715519651,
234,T1C,T,T1,EXC,5,SP,30-Apr-18,34.4,0.93,31.992,8.54E-03,2.46E-03,23,3.52E-07,1.01E-07,3.31E-05,9.52E-06,3.97E-04,1.14E-04,282.39,4.413376678,
235,T1D,T,T1,CON,5,SP,30-Apr-18,28.8,0.89,25.632,1.23E-02,2.46E-03,23,5.06E-07,1.01E-07,4.76E-05,9.52E-06,5.71E-04,1.14E-04,457.02,8.915001315,
236,T3C,T,T3,CON,5,SP,30-Apr-18,31,0.89,27.59,1.16E-02,2.46E-03,23,4.78E-07,1.01E-07,4.49E-05,9.52E-06,5.39E-04,1.14E-04,424.51,7.693134101,
237,T3E,T,T3,EXC,5,SP,30-Apr-18,29.4,0.9,26.46,1.13E-02,2.46E-03,23,4.65E-07,1.01E-07,4.37E-05,9.52E-06,5.25E-04,1.14E-04,410.57,7.758383313,
238,T4E,T,T4,EXC,5,SP,30-Apr-18,26.3,0.85,22.355,1.69E-02,2.46E-03,23,6.96E-07,1.01E-07,6.54E-05,9.52E-06,7.85E-04,1.14E-04,670.67,15.00034772,
239,T4F,T,T4,CON,5,SP,30-Apr-18,28.4,0.86,24.424,1.30E-02,2.46E-03,23,5.35E-07,1.01E-07,5.03E-05,9.52E-06,6.04E-04,1.14E-04,489.53,10.02149761,
240,T5D,T,T5,CON,5,SP,30-Apr-18,26.5,0.87,23.055,1.39E-02,2.46E-03,23,5.72E-07,1.01E-07,5.38E-05,9.52E-06,6.46E-04,1.14E-04,531.33,11.52310994,
241,T5E,T,T5,EXC,5,SP,30-Apr-18,28.6,0.88,25.168,1.32E-02,2.46E-03,23,5.44E-07,1.01E-07,5.11E-05,9.52E-06,6.13E-04,1.14E-04,498.82,9.909788454,
242,T6B,T,T6,CON,5,SP,30-Apr-18,28.8,0.87,25.056,1.23E-02,2.46E-03,23,5.06E-07,1.01E-07,4.76E-05,9.52E-06,5.71E-04,1.14E-04,457.02,9.119943874,
243,T6E,T,T6,EXC,5,SP,30-Apr-18,26.4,0.85,22.44,1.41E-02,2.46E-03,23,5.81E-07,1.01E-07,5.46E-05,9.52E-06,6.55E-04,1.14E-04,540.62,12.04589117,
